DEPTH,DEN,GR,AC,VP,Reservoir_Type
2971.875,2.035,34.268,113.547,8806.957,6
2972,2.04,35.104,112.249,8908.798,6
2972.125,2.047,36.339,111.161,8995.961,6
2972.25,2.058,36.38,110.204,9074.105,6
2972.375,2.061,34.934,109.831,9104.931,6
2972.5,2.058,33.805,109.742,9112.265,6
2972.625,2.056,33.805,109.742,9112.265,6
2972.75,2.06,34.209,109.488,9133.463,6
2972.875,2.063,34.208,109.185,9158.75,8
2973,2.065,32.529,109.06,9169.265,8
2973.125,2.064,30.431,109.74,9112.473,8
2973.25,2.055,30.436,110.609,9040.872,8
2973.375,2.051,30.436,110.609,9040.872,8
2973.5,2.049,31.754,111.249,8988.829,8
2973.625,2.047,32.097,111.801,8944.472,8
2973.75,2.05,32.373,111.864,8939.458,8
2973.875,2.054,32.036,111.911,8935.672,6
2974,2.059,32.036,111.911,8935.672,6
2974.125,2.065,32.368,111.074,9003.031,6
2974.25,2.087,31.606,109.256,9152.849,6
2974.375,2.099,31.667,107.764,9279.528,6
2974.5,2.114,31.259,106.773,9365.654,6
2974.625,2.127,31.066,106.57,9383.486,6
2974.75,2.149,31.066,106.57,9383.486,6
2974.875,2.157,30.436,106.825,9361.148,6
2975,2.161,31.031,107.258,9323.305,6
2975.125,2.165,31.768,108.145,9246.845,6
2975.25,2.169,32.072,108.357,9228.753,6
2975.375,2.171,32.072,108.357,9228.753,6
2975.5,2.171,31.164,107.854,9271.828,6
2975.625,2.168,30.545,107.474,9304.559,6
2975.75,2.153,30.885,106.886,9355.745,6
2975.875,2.145,31.215,106.071,9427.621,6
2976,2.136,31.482,105.73,9458.035,6
2976.125,2.128,31.482,105.73,9458.035,6
2976.25,2.118,31.846,105.855,9446.876,6
2976.375,2.114,32.459,106.491,9390.491,6
2976.5,2.114,32.038,107.672,9287.483,6
2976.625,2.111,31.622,108.006,9258.762,6
2976.75,2.102,31.622,108.006,9258.762,6
2976.875,2.096,32.627,108.685,9200.919,6
2977,2.089,33.399,109.84,9104.185,6
2977.125,2.082,33.097,110.301,9066.06,6
2977.25,2.071,31.35,110.541,9046.449,6
2977.375,2.069,30.521,110.805,9024.871,6
2977.5,2.072,30.521,110.805,9024.871,6
2977.625,2.076,31.091,110.287,9067.219,6
2977.75,2.082,31.896,108.595,9208.51,6
2977.875,2.082,33.021,107.028,9343.323,6
2978,2.079,33.518,107.858,9271.467,6
2978.125,2.078,33.777,109.667,9118.488,6
2978.25,2.076,33.777,109.667,9118.488,6
2978.375,2.078,33.321,111.715,8951.333,6
2978.5,2.081,32.378,112.694,8873.603,6
2978.625,2.085,32.155,113.158,8837.217,6
2978.75,2.094,32.493,112.161,8915.771,6
2978.875,2.101,32.493,112.161,8915.771,6
2979,2.106,33.863,113.29,8826.928,6
2979.125,2.111,36.214,114.942,8700.032,6
2979.25,2.117,41.388,116.348,8594.927,6
2979.375,2.333,92.786,126.681,7893.844,9
2979.5,2.356,98.15,124.405,8038.281,9
2979.625,2.362,98.404,122.394,8170.315,9
2979.75,2.366,97.34,121.938,8200.882,9
2979.875,2.37,97.009,122.459,8166.012,9
2980,2.371,97.009,122.459,8166.012,9
2980.125,2.37,99.382,123.313,8109.445,9
2980.25,2.363,101.771,123.587,8091.499,9
2980.375,2.358,102.83,122.773,8145.113,9
2980.5,2.356,102.758,121.53,8228.414,9
2980.625,2.354,102.758,121.53,8228.414,9
2980.75,2.346,101.43,120.578,8293.366,9
2980.875,2.019,83.358,128.961,7754.294,5
2981,2.045,85.432,129.548,7719.153,5
2981.125,2.059,88.306,129.5,7721.99,5
2981.25,2.077,90.859,128.923,7756.567,5
2981.375,2.099,90.859,128.923,7756.567,5
2981.5,2.145,91.157,128.013,7811.725,5
2981.625,2.158,87.768,126.775,7888.009,5
2981.75,2.16,82.988,125.713,7954.621,5
2981.875,2.136,82.109,125.284,7981.84,5
2982,2.062,83.366,125.658,7958.127,5
2982.125,2.364,108.977,114.261,8751.907,4
2982.25,2.355,107.642,112.874,8859.46,4
2982.375,2.352,105.83,111.237,8989.814,4
2982.5,2.357,104.709,109.176,9159.48,4
2982.625,2.371,103.375,106.462,9393.041,4
2982.75,2.371,103.375,106.462,9393.041,4
2982.875,2.387,99.703,103.338,9677.02,4
2983,2.401,94.442,100.419,9958.295,4
2983.125,2.41,91.094,100.754,9925.164,4
2983.25,1.964,52.737,109.889,9100.101,1
2983.375,1.946,52.737,115.36,8668.493,1
2983.5,1.977,56.201,118.313,8452.143,1
2983.625,2.088,66.077,116.464,8586.352,1
2983.75,2.088,66.077,116.464,8586.352,1
2983.875,2.407,66.176,102.904,9717.823,13
2984,2.407,66.176,102.904,9717.823,13
2984.125,2.4,58.438,101.437,9858.307,13
2984.25,2.397,56.402,100.561,9944.213,13
2984.375,2.411,55.588,97.903,9973.576172,13
2984.5,2.421,56.606,98.033,9979.446289,13
2984.625,2.435,57.42,98.142,9987.581055,13
2984.75,2.435,57.42,98.142,9987.581055,13
2984.875,2.433,62.693,98.466,9948.689453,13
2985,2.436,69.438,99.935,9979.075195,13
2985.125,2.436,77.961,101.848,9818.534,12
2985.25,2.441,89.385,104.363,9581.931,12
2985.375,2.443,93.127,103.637,9649.026,12
2985.5,2.443,93.127,103.637,9649.026,12
2985.625,2.439,99.264,104.985,9525.152,12
2985.75,2.434,97.126,107.984,9260.623,12
2985.875,2.426,101.402,110.961,9012.216,12
2986,2.418,97.737,114.231,8754.176,12
2986.125,2.495,78.474,102.145,9789.994,4
2986.25,2.471,78.735,103.828,9631.322,4
2986.375,2.471,78.735,103.828,9631.322,4
2986.5,2.425,79.278,107.396,9311.316,4
2986.625,2.393,86.272,110.066,9085.441,4
2986.75,2.398,92.842,112.489,8889.742,4
2986.875,2.393,94.099,114.169,8758.93,4
2987,2.392,96.652,117.202,8532.277,4
2987.125,2.375,100.919,120.211,8362.966,0
2987.25,2.375,104.424,120.211,8318.72,0
2987.375,2.379,95.524,120.106,8325.951,0
2987.5,2.383,93.425,119.689,8354.966,0
2987.625,2.375,89.207,121.202,8250.675,0
2987.75,2.356,90.275,121.799,8210.221,0
2987.875,2.356,90.275,121.799,8210.221,0
2988,2.349,89.215,121.407,8236.73,0
2988.125,2.346,90.483,121.977,8198.246,0
2988.25,2.345,94.989,121.736,8214.504,0
2988.375,2.345,96.385,122.051,8193.296,0
2988.5,2.353,94.988,121.169,8252.97,0
2988.625,2.353,94.988,121.169,8252.97,0
2988.75,2.367,93.359,119.219,8387.896,0
2988.875,2.388,87.963,121.794,8210.578,0
2989,2.394,89.999,120.687,8285.91,0
2989.125,2.393,87.479,121.24,8248.109,0
2989.25,2.393,87.479,121.24,8248.109,0
2989.375,2.372,88.932,122.598,8156.727,0
2989.5,2.361,87.822,122.571,8158.557,0
2989.625,2.355,90.34,122.044,8193.746,0
2989.75,2.364,94.049,122.312,8175.779,0
2989.875,2.365,94.447,121.53,8228.448,0
2990,2.365,94.447,121.53,8228.448,0
2990.125,2.403,90.995,120.85,8274.721,0
2990.25,2.451,84.892,118.932,8408.159,0
2990.375,2.541,81.354,118.008,8474.03,0
2990.5,2.567,80.577,115.933,8625.664,0
2990.625,2.567,80.577,115.933,8625.664,0
2990.75,2.555,82.74,115.906,8627.682,0
2990.875,2.524,89.332,114.85,8706.979,0
2991,2.467,95.575,118.245,8457.032,0
2991.125,2.422,94.938,118.287,8453.986,0
2991.25,2.373,93.207,118.339,8450.321,0
2991.375,2.373,93.207,118.339,8450.321,0
2991.5,2.369,89.973,116.192,8606.459,0
2991.625,2.374,92.748,114.009,8771.245,0
2991.75,2.383,89.185,110.7,9033.424,0
2991.875,2.418,84.196,112.707,8872.548,0
2992,2.393,85.664,107.79,9277.324,4
2992.125,2.363,89.771,109.187,9158.633,4
2992.25,2.359,92.545,106.82,9361.525,4
2992.375,2.359,92.545,106.82,9361.525,4
2992.5,2.393,88.341,103.442,9667.234,4
2992.625,2.424,86.131,101.047,9896.424,4
2992.75,2.433,82.669,98.959,9958.691406,4
2992.875,2.421,77.884,95.817,9977.980469,4
2993,2.417,78.393,95.205,9969.734375,4
2993.125,2.417,78.393,95.205,9969.734375,4
2993.25,2.43,77.68,94.729,9986.115234,4
2993.375,2.444,82.669,91.83,9976.59082,4
2993.5,2.456,79.717,90.836,9958.087891,4
2993.625,2.458,82.974,91.124,9958.492188,4
2993.75,2.458,82.974,91.124,9958.492188,4
2993.875,2.453,84.196,93.646,9940.202148,4
2994,2.436,87.963,96.451,9935.751953,4
2994.125,2.415,87.759,95.339,9930.560547,4
2994.25,2.411,86.843,96.005,9992.366211,4
2994.375,2.426,81.04,96.671,9989.56543,4
2994.5,2.426,81.04,96.671,9989.56543,4
2994.625,2.444,80.053,95,9985.075195,4
2994.75,2.441,81.377,95.998,9984.982422,4
2994.875,2.431,84.329,94.05,9947.4375,4
2995,2.432,83.285,91.145,9967.580078,4
2995.125,2.432,83.285,91.145,9967.580078,4
2995.25,2.44,78.602,92.952,10002.39746,4
2995.375,2.446,75.717,91.44,9979.631836,4
2995.5,2.449,74.413,94.365,9973.084961,4
2995.625,2.453,73.529,92.954,9970.030273,4
2995.75,2.46,73.36,91.819,9968.177734,4
2995.875,2.46,73.36,91.819,9968.177734,4
2996,2.461,73.142,88.605,9968.177734,4
2996.125,2.466,73.314,87.898,9968.177734,4
2996.25,2.465,72.477,88.35,9965.964844,4
2996.375,2.467,71.572,88.752,9969.987305,4
2996.5,2.467,71.572,88.752,9969.987305,4
2996.625,2.466,71.447,88.944,9969.987305,4
2996.75,2.461,73.53,88.337,9968.177734,4
2996.875,2.453,75.085,89.187,9976.577148,4
2997,2.441,70.933,88.333,9996.974609,4
2997.125,2.44,66.226,88.618,9998.68457,4
2997.25,2.44,66.226,88.618,9998.68457,4
2997.375,2.447,65.251,90.197,9944.508789,4
2997.5,2.457,68.792,94.171,9969.987305,4
2997.625,2.434,73.499,98.381,9977.265625,4
2997.75,2.091,69.381,112.595,8881.365,3
2997.875,2.118,67.554,113.554,8806.383,3
2998,2.137,67.458,114.498,8733.792,3
2998.125,2.157,67.116,114.612,8725.105,3
2998.25,2.16,61.189,114.807,8710.239,3
2998.375,2.16,61.189,114.807,8710.239,3
2998.5,2.25,77.116,106.733,9369.13,3
2998.625,2.281,86.797,108.708,9198.963,3
2998.75,2.281,86.797,108.708,9198.963,3
2998.875,2.296,90.444,109.97,9093.356,3
2999,2.302,89.088,110.604,9041.239,3
2999.125,2.281,87.283,110.22,9072.771,3
2999.25,2.265,82.715,110.612,9040.61,3
2999.375,2.258,78.757,109.774,9109.642,3
2999.5,2.258,78.757,109.774,9109.642,3
2999.625,2.286,77.551,108.716,9198.287,3
2999.75,2.308,76.83,108.316,9232.221,3
2999.875,2.309,78.007,107.332,9316.877,3
3000,2.295,79.969,106.563,9384.103,3
3000.125,2.295,79.969,106.563,9384.103,3
3000.25,2.287,81.621,107.757,9280.183,3
3000.375,2.276,80.067,109.686,9116.95,3
3000.5,2.261,72.626,111.122,8999.15,3
3000.625,2.238,65.317,112.049,8924.643,3
3000.75,2.221,62.002,113.299,8826.172,8
3000.875,2.221,62.002,113.299,8826.172,8
3001,2.196,61.297,113.568,8805.274,8
3001.125,2.169,62.803,113.083,8843.055,8
3001.25,2.148,66.883,113.054,8845.338,8
3001.375,2.16,73.339,113.179,8835.538,8
3001.5,2.16,73.339,113.179,8835.538,8
3001.625,2.204,77.048,114.094,8764.727,8
3001.75,2.257,77.323,114.888,8704.145,3
3001.875,2.274,75.745,114.738,8715.546,3
3002,2.244,74.649,111.718,8951.093,3
3002.125,2.192,74.8,110.749,9029.435,3
3002.25,2.192,74.8,110.749,9029.435,3
3002.375,2.161,72.97,111.206,8992.337,3
3002.5,2.16,70.696,111.083,9002.27,3
3002.625,2.17,64.97,111.117,8999.563,3
3002.75,2.149,61.137,110.302,9066.026,3
3002.875,2.149,61.137,110.302,9066.026,3
3003,2.318,98.224,112.807,8864.683,10
3003.125,2.318,98.224,112.807,8864.683,10
3003.25,2.356,102.227,113.927,8777.52,10
3003.375,2.374,104.035,114.23,8754.283,10
3003.5,2.373,103.333,115.787,8636.556,10
3003.625,2.384,102.331,115.553,8654,10
3003.75,2.357,102.856,113.903,8779.431,10
3003.875,2.357,102.856,113.903,8779.431,10
3004,2.344,104.378,113.858,8782.862,10
3004.125,2.337,106.374,114.44,8738.195,10
3004.25,2.359,105.593,114.752,8714.468,10
3004.375,2.368,100.221,116.337,8595.725,10
3004.5,2.368,100.221,116.337,8595.725,10
3004.625,2.349,89.958,118.954,8406.604,10
3004.75,2.291,75.129,120.292,8313.125,8
3004.875,2.197,62.442,120.425,8303.917,8
3005,2.11,52.021,119.648,8357.871,8
3005.125,2.055,47.586,119.001,8403.263,8
3005.25,2.055,47.586,119.001,8403.263,8
3005.375,2.038,41.802,119.251,8385.653,8
3005.5,2.046,36.764,118.466,8441.212,8
3005.625,2.059,36.49,115.973,8622.682,8
3005.75,2.072,36.883,112.941,8854.173,6
3005.875,2.072,36.883,112.941,8854.173,6
3006,2.085,37.661,109.901,9099.106,6
3006.125,2.105,41.951,109.069,9168.541,6
3006.25,2.13,50.306,109.974,9093.083,6
3006.375,2.168,64.263,109.713,9114.682,6
3006.5,2.227,80.524,109.315,9147.851,10
3006.625,2.227,80.524,109.315,9147.851,10
3006.75,2.3,95.116,112.071,8922.892,10
3006.875,2.355,103.637,115.373,8667.524,10
3007,2.371,107.461,116.272,8600.522,10
3007.125,2.376,108.513,116.29,8599.155,10
3007.25,2.376,108.513,116.29,8599.155,10
3007.375,2.386,106.498,116.072,8615.364,10
3007.5,2.397,104.392,115.308,8672.425,10
3007.625,2.392,99.776,114.611,8725.196,10
3007.75,2.384,99.935,114.385,8742.436,10
3007.875,2.388,101.788,113.35,8822.271,10
3008,2.388,101.788,113.35,8822.271,10
3008.125,2.396,102.455,113.825,8785.455,10
3008.25,2.396,101.618,115.78,8637.056,10
3008.375,2.389,99.401,115.642,8647.399,10
3008.5,2.389,97.674,114.341,8745.746,10
3008.625,2.389,97.674,114.341,8745.746,10
3008.75,2.265,50.8,107.737,9281.905,6
3008.875,2.265,50.8,107.737,9281.905,6
3009,2.197,42.976,104.887,9534.079,6
3009.125,2.161,40.467,102.682,9738.767,6
3009.25,2.169,37.509,101.183,9883.044,6
3009.375,2.19,35.903,99.151,9947.007813,6
3009.5,2.235,38.25,97.318,9956.264648,2
3009.625,2.283,42.031,96.336,9984.151367,2
3009.75,2.32,46.85,96.042,9972.299805,2
3009.875,2.343,53.336,97.557,10007.22656,2
3010,2.343,53.336,97.557,10007.22656,2
3010.125,2.342,59.439,99.323,10026.25879,2
3010.25,2.345,63.242,101.533,9849.044,2
3010.375,2.343,63.514,102.759,9731.546,2
3010.5,2.344,64.991,102.934,9715.01,2
3010.625,2.348,66.732,102.872,9720.847,2
3010.75,2.348,66.732,102.872,9720.847,2
3010.875,2.387,86.522,110.195,9074.822,2
3011,2.355,80.441,110.987,9010.064,2
3011.125,2.33,74.977,109.961,9094.134,2
3011.25,2.334,72.557,108.91,9181.893,2
3011.375,2.349,71.504,107.965,9262.278,2
3011.5,2.362,70.588,107.155,9332.25,2
3011.625,2.362,70.588,107.155,9332.25,2
3011.75,2.349,70.56,106.216,9414.751,2
3011.875,2.334,72.637,104.373,9581.021,2
3012,2.332,74.558,101.916,9811.964,2
3012.125,2.342,73.45,100.173,9982.71,2
3012.25,2.342,73.45,100.173,9982.71,2
3012.375,2.353,70.276,98.944,9900.592773,2
3012.5,2.358,66.179,98.601,9902.302734,2
3012.625,2.362,64.506,99.388,9873.738281,2
3012.75,2.359,63.994,99.727,9870.207031,2
3012.875,2.359,63.328,99.678,9870.207031,2
3013,2.359,63.328,99.678,9870.207031,2
3013.125,2.368,62.1,99.773,9945.707031,2
3013.25,2.375,61.631,99.564,9954.601563,2
3013.375,2.376,61.299,98.565,9948.808594,2
3013.5,2.369,60.607,96.432,10013.74902,2
3013.625,2.375,60.991,93.736,10022.64355,2
3013.75,2.375,60.991,93.736,10022.64355,2
3013.875,2.401,65.194,91.906,9937.869141,2
3014,2.431,69.27,91.819,9979.075195,2
3014.125,2.436,70.577,94.01,9979.075195,2
3014.25,2.421,69.358,95.355,9970.94043,2
3014.375,2.421,69.358,95.355,9970.94043,2
3014.5,2.401,66.38,94.206,9969.964844,2
3014.625,2.396,62.311,92.705,9931.137695,2
3014.75,2.399,59.706,92.144,9998.21582,2
3014.875,2.399,57.208,93.136,9979.183594,2
3015,2.397,56.171,93.068,9970.641602,2
3015.125,2.397,56.171,93.068,9970.641602,2
3015.25,2.402,53.527,93.192,9987.548828,2
3015.375,2.42,52.704,94.932,9969.658203,2
3015.5,2.415,54.375,96.703,9971.200195,2
3015.625,2.381,58.777,98.452,10012.69043,2
3015.75,2.381,58.777,98.452,10012.69043,2
3015.875,2.345,62.347,100.777,9922.899,2
3016,2.343,67.141,104.929,9530.29,2
3016.125,2.363,78.803,108.595,9208.527,9
3016.25,2.377,94.146,108.077,9252.653,9
3016.375,2.378,104.367,108.949,9178.59,9
3016.5,2.378,104.367,108.949,9178.59,9
3016.625,2.368,108.536,109.284,9150.495,9
3016.75,2.382,108.376,109.07,9168.433,9
3016.875,2.397,107.448,109.893,9099.744,9
3017,2.418,105.082,110.25,9070.327,11
3017.125,2.418,105.082,110.25,9070.327,11
3017.25,2.398,104.772,110.641,9038.232,11
3017.375,2.364,104.182,111.307,8984.145,11
3017.5,2.335,103.778,111.717,8951.188,11
3017.625,2.335,104.863,110.466,9052.559,11
3017.75,2.35,104.347,110.17,9076.865,11
3017.875,2.35,104.347,110.17,9076.865,11
3018,2.364,103.892,110.388,9058.988,11
3018.125,2.372,104.212,110.985,9010.251,11
3018.25,2.37,105.859,111.606,8960.052,11
3018.375,2.362,106.707,112.347,8901.018,11
3018.5,2.362,106.707,112.347,8901.018,11
3018.625,2.362,104.993,112.831,8862.812,11
3018.75,2.362,102.361,112.224,8910.734,11
3018.875,2.369,101.099,111.929,8934.228,11
3019,2.37,101.947,112.569,8883.425,11
3019.125,2.372,103.009,113.079,8843.406,11
3019.25,2.372,103.009,113.079,8843.406,11
3019.375,2.377,103.336,113.169,8836.357,11
3019.5,2.385,104.294,113.016,8848.32,11
3019.625,2.39,106.577,112.821,8863.621,11
3019.75,2.391,108.715,111.635,8957.732,11
3019.875,2.386,106.852,111.999,8928.627,11
3020,2.386,106.852,111.999,8928.627,11
3020.125,2.376,103.695,112.584,8882.226,11
3020.25,2.369,101.595,112.987,8850.591,11
3020.375,2.367,101.513,113.925,8777.689,11
3020.5,2.38,101.51,114.34,8745.869,11
3020.625,2.38,101.51,114.34,8745.869,11
3020.75,2.389,100.465,114.33,8746.634,11
3020.875,2.384,97.364,114.34,8745.808,11
3021,2.365,94.385,114.071,8766.508,11
3021.125,2.343,92.553,113.511,8809.734,11
3021.25,2.336,92.492,113.064,8844.564,11
3021.375,2.336,92.492,113.064,8844.564,11
3021.5,2.336,92.741,112.759,8868.479,11
3021.625,2.341,92.481,113.253,8829.819,11
3021.75,2.339,92.013,114.225,8754.636,11
3021.875,2.346,91.277,115.643,8647.332,11
3022,2.346,91.277,115.643,8647.332,9
3022.125,2.365,90.495,117.236,8529.803,9
3022.25,2.381,89.694,119.26,8385.048,9
3022.375,2.39,88.894,121.798,8210.329,9
3022.5,2.373,88.096,123.896,8071.259,9
3022.625,2.308,87.332,124.831,8010.856,9
3022.75,2.308,87.332,124.831,8010.856,9
3022.875,2.255,87.894,124.836,8010.503,9
3023,2.27,93.737,124.282,8046.23,11
3023.125,2.324,86.543,121.419,8235.977,11
3023.25,2.339,85.61,118.213,8459.342,11
3023.375,2.339,85.61,118.213,8459.342,11
3023.5,2.284,92.317,115.235,8677.919,11
3023.625,2.246,90.256,113.727,8792.979,11
3023.75,2.25,87.726,113.104,8841.437,11
3023.875,2.332,87.427,116.378,8592.712,11
3024,2.32,87.268,118.638,8429.003,11
3024.125,2.258,93.008,119.89,8340.986,11
3024.25,2.191,95.331,120.062,8329.044,11
3024.375,2.182,84.131,119.284,8383.382,11
3024.5,2.201,82.891,118.733,8422.258,11
3024.625,2.201,82.891,118.733,8422.258,11
3024.75,2.187,69.155,122.503,8163.045,11
3024.875,2.187,69.155,122.503,8163.045,11
3025,2.259,68.38,123.054,8126.52,11
3025.125,2.309,67.585,123.399,8103.793,11
3025.25,2.353,66.007,122.866,8138.948,11
3025.375,2.353,66.007,122.866,8138.948,11
3025.5,2.365,65.224,122.513,8162.406,11
3025.625,2.359,64.425,121.653,8220.074,11
3025.75,2.342,63.63,120.916,8270.19,11
3025.875,2.321,62.855,120.777,8279.722,11
3026,2.298,62.062,120.213,8318.582,11
3026.125,2.298,62.062,120.213,8318.582,11
3026.25,2.372,100.089,113.978,8773.631,10
3026.375,2.372,100.089,113.978,8773.631,10
3026.5,2.375,101.568,115.674,8644.955,10
3026.625,2.361,102.957,117.219,8531.055,10
3026.75,2.362,104.203,118.666,8427.021,10
3026.875,2.364,105.257,119.609,8360.582,10
3027,2.369,105.857,119.923,8338.656,10
3027.125,2.369,105.857,119.923,8338.656,10
3027.25,2.371,104.49,119.813,8346.36,10
3027.375,2.372,101.945,119.348,8378.865,10
3027.5,2.378,99.331,118.882,8411.724,10
3027.625,2.384,100.002,119.182,8390.563,10
3027.75,2.384,100.002,119.182,8390.563,10
3027.875,2.388,101.719,118.526,8436.975,10
3028,2.388,103.021,116.971,8549.12,10
3028.125,2.38,102.822,116.41,8590.35,10
3028.25,2.371,102.293,116.819,8560.229,10
3028.375,2.371,102.293,116.819,8560.229,10
3028.5,2.363,102.178,117.51,8509.936,10
3028.625,2.362,104.013,116.344,8595.164,10
3028.75,2.371,105.941,115.072,8690.219,10
3028.875,2.384,107.389,114.699,8718.472,10
3029,2.395,106.188,114.38,8742.825,10
3029.125,2.395,106.188,114.38,8742.825,10
3029.25,2.397,105.521,114.001,8771.846,10
3029.375,2.396,106.778,115.246,8677.098,10
3029.5,2.387,109.059,116.021,8619.151,10
3029.625,2.374,110.279,116.107,8612.745,10
3029.75,2.374,110.279,116.107,8612.745,10
3029.875,2.366,110.419,116.15,8609.579,10
3030,2.362,108.644,116.074,8615.224,10
3030.125,2.37,106.451,116.008,8620.073,10
3030.25,2.375,104.473,116.141,8610.246,10
3030.375,2.374,104.434,116.208,8605.245,10
3030.5,2.374,104.434,116.208,8605.245,10
3030.625,2.369,106.186,115.762,8638.384,10
3030.75,2.369,108.699,115.943,8624.936,10
3030.875,2.369,109.403,115.818,8634.236,10
3031,2.366,108.519,115.729,8640.892,10
3031.125,2.366,108.519,115.729,8640.892,10
3031.25,2.364,106.826,115.139,8685.169,10
3031.375,2.377,105.201,114.68,8719.901,10
3031.5,2.412,104.156,113.568,8805.274,10
3031.625,2.412,104.156,113.568,8805.274,10
3031.75,2.408,105.54,113.218,8832.486,10
3031.875,2.387,107.072,113.982,8773.292,10
3032,2.369,106.305,113.812,8786.396,10
3032.125,2.365,104.413,113.32,8824.606,10
3032.25,2.375,102.192,112.39,8897.557,10
3032.375,2.375,102.192,112.39,8897.557,10
3032.5,2.374,99.994,111.846,8940.881,10
3032.625,2.376,98.932,112.138,8917.56,10
3032.75,2.385,98.531,111.906,8936.047,10
3032.875,2.391,100.628,111.497,8968.835,10
3033,2.391,100.628,111.497,8968.835,10
3033.125,2.392,104.455,110.36,9061.229,10
3033.25,2.393,107.669,110.264,9069.119,10
3033.375,2.402,105.509,108.731,9196.983,10
3033.5,2.412,97.883,106.992,9346.458,10
3033.625,2.421,91.976,105.345,9492.584,10
3033.75,2.421,91.976,105.345,9492.584,13
3033.875,2.421,91.976,105.345,9492.584,13
3034,2.432,86.952,104.377,9580.691,13
3034.125,2.426,84.576,103.627,9650.014,13
3034.25,2.417,85.286,102.518,9754.375,13
3034.375,2.422,85.058,101.581,9844.351,13
3034.5,2.422,85.058,101.581,9844.351,13
3034.625,2.447,82.828,96.449,9963.399414,13
3034.75,2.46,80.284,91.132,9958.889648,13
3034.875,2.458,77.052,89.18,9977.027344,13
3035,2.464,71.237,88.84,9969.987305,13
3035.125,2.477,63.597,89.426,9948.227539,13
3035.25,2.477,63.597,89.426,9948.227539,13
3035.375,2.493,55.865,90.046,9987.704102,13
3035.5,2.474,53.878,87.918,9987.704102,13
3035.625,2.441,53.26,87.677,10005.48047,13
3035.75,2.385,52.116,91.709,9974.257813,13
3035.875,2.385,52.116,91.709,9974.257813,13
3036,2.341,48.836,95.318,9979.572266,13
3036.125,2.312,45.586,95.303,9976.31543,13
3036.25,2.3,42.125,95.61,9976.31543,13
3036.375,2.307,38.981,96.561,9969.306641,13
3036.5,2.348,89.11,110.287,9067.219,13
3036.625,2.35,79.036,111.693,8953.072,13
3036.75,2.361,79.468,110.533,9047.08,13
3036.875,2.362,82.127,108.734,9196.738,13
3037,2.363,85.198,109.007,9173.757,13
3037.125,2.369,88.518,105.841,9448.152,13
3037.25,2.369,88.518,105.841,9448.152,13
3037.375,2.378,82.983,102.326,9772.726,13
3037.5,2.374,77.405,97.549,9996.186523,13
3037.625,2.353,71.888,96.997,9900.592773,13
3037.75,2.335,66.025,97.889,9915.806641,13
3037.875,2.335,66.025,97.889,9915.806641,13
3038,2.314,50.319,99.011,9964.110352,13
3038.125,2.276,34.822,96.709,9974.614258,6
3038.25,2.257,32.014,95.967,9945.919922,6
3038.375,2.265,30.734,97.906,9936.52832,6
3038.5,2.306,29.56,97.844,9953.921875,6
3038.625,2.306,29.56,97.844,9953.921875,6
3038.75,2.312,28.368,95.242,9953.921875,6
3038.875,2.294,28.393,93.625,9953.921875,6
3039,2.273,50.706,100.408,9959.356,10
3039.125,2.287,65.671,103.035,9705.478,10
3039.25,2.329,81.186,105.473,9481.1,10
3039.375,2.377,93.44,108.954,9178.168,10
3039.5,2.432,93.855,111.987,8929.608,10
3039.625,2.452,94.553,113.427,8816.243,10
3039.75,2.452,94.553,113.427,8816.243,10
3039.875,2.447,96.733,114.167,8759.083,10
3040,2.428,98.373,113.935,8776.942,10
3040.125,2.415,96.429,115.219,8679.109,10
3040.25,2.414,92.701,116.397,8591.302,10
3040.375,2.414,92.701,116.397,8591.302,10
3040.5,2.381,91.456,117.368,8520.231,10
3040.625,2.32,92.338,117.554,8506.743,10
3040.75,2.313,93.194,116.304,8598.187,10
3040.875,2.42,100.203,110.496,9050.061,10
3041,2.41,100.168,109.652,9119.785,10
3041.125,2.412,99.984,110.531,9047.211,10
3041.25,2.412,99.984,110.531,9047.211,10
3041.375,2.424,99.722,110.67,9035.913,10
3041.5,2.413,98.923,111.132,8998.308,10
3041.625,2.328,97.18,111.049,9005.066,10
3041.75,2.35,98.146,110.531,9047.244,10
3041.875,2.387,99.112,109.993,9091.463,10
3042,2.387,99.112,109.993,9091.463,10
3042.125,2.434,100.095,110.293,9066.742,10
3042.25,2.442,101.203,110.295,9066.569,10
3042.375,2.411,102.311,109.589,9124.97,10
3042.5,2.393,103.45,109.879,9100.945,10
3042.625,2.393,103.45,109.879,9100.945,10
3042.75,2.39,104.76,110.169,9076.955,10
3042.875,2.404,104.933,112.036,8925.694,10
3043,2.414,104.238,112.754,8868.833,10
3043.125,2.42,104.164,113.41,8817.58,10
3043.25,2.406,104.228,114.476,8735.486,10
3043.375,2.406,104.228,114.476,8735.486,10
3043.5,2.388,104.438,114.935,8700.57,10
3043.625,2.375,104.724,114.839,8707.812,10
3043.75,2.378,105.282,114.66,8721.445,10
3043.875,2.392,107.311,113.915,8778.444,10
3044,2.407,109.193,113.039,8846.536,10
3044.125,2.407,109.193,113.039,8846.536,10
3044.25,2.414,108.782,112.314,8903.609,10
3044.375,2.411,108.225,112.047,8924.818,10
3044.5,2.401,107.68,113.086,8842.796,10
3044.625,2.394,107.154,113.007,8849.025,10
3044.75,2.394,107.154,113.007,8849.025,10
3044.875,2.396,107.134,112.581,8882.454,10
3045,2.396,107.134,112.581,8882.454,11
3045.125,2.404,107.096,112.712,8872.178,11
3045.25,2.41,106.082,113.346,8822.566,11
3045.375,2.406,105.03,113.418,8816.928,11
3045.5,2.395,103.926,112.683,8874.445,11
3045.625,2.395,103.926,112.683,8874.445,11
3045.75,2.39,103.12,112.081,8922.103,11
3045.875,2.389,105.366,110.933,9014.45,11
3046,2.391,107.759,110.676,9035.415,11
3046.125,2.36,104.159,111.162,8995.904,11
3046.25,2.36,104.159,111.162,8995.904,11
3046.375,2.349,101.718,111.051,9004.871,11
3046.5,2.358,99.972,110.749,9029.395,11
3046.625,2.369,101.296,108.335,9230.652,11
3046.75,2.372,104.1,108.19,9243.033,11
3046.875,2.372,104.1,108.19,9243.033,11
3047,2.373,107.05,108.622,9206.229,11
3047.125,2.376,109.402,109.444,9137.102,11
3047.25,2.379,108.923,110.087,9083.699,11
3047.375,2.369,106.345,110.235,9071.488,11
3047.5,2.355,103.64,110.217,9073.019,11
3047.625,2.355,103.64,110.217,9073.019,11
3047.75,2.343,104.381,110.647,9037.742,11
3047.875,2.351,106.244,111.005,9008.619,11
3048,2.363,107.625,111.031,9006.485,11
3048.125,2.355,108.73,112.205,8912.243,10
3048.25,2.343,106.479,111.849,8940.634,10
3048.375,2.334,104.086,111.419,8975.138,10
3048.5,2.331,102.133,110.945,9013.491,10
3048.625,2.331,102.133,110.945,9013.491,10
3048.75,2.316,102.988,111.001,9008.968,10
3048.875,2.299,107.155,111.349,8980.739,10
3049,2.296,111.514,112.008,8927.934,10
3049.125,2.327,113.764,112.059,8923.887,10
3049.25,2.327,113.764,112.059,8923.887,10
3049.375,2.367,113.237,112.431,8894.336,10
3049.5,2.392,112.332,113.823,8785.547,10
3049.625,2.413,111.409,114.16,8759.651,10
3049.75,2.418,107.662,113.644,8799.378,10
3049.875,2.397,106.927,113.462,8813.492,10
3050,2.379,106.193,112.807,8864.737,10
3050.125,2.364,105.557,111.674,8954.604,10
3050.25,2.358,105.363,111.534,8965.9,10
3050.375,2.358,105.363,111.534,8965.9,10
3050.5,2.365,107.036,111.579,8962.228,10
3050.625,2.38,108.343,111.374,8978.74,10
3050.75,2.396,107.732,111.404,8976.306,10
3050.875,2.408,107.003,111.495,8968.988,10
3051,2.408,107.003,111.495,8968.988,10
3051.125,2.405,106.398,111.795,8944.92,10
3051.25,2.405,106.496,111.426,8974.534,10
3051.375,2.401,109.692,111.358,8980.015,10
3051.5,2.399,112.434,111.593,8961.119,10
3051.625,2.392,111.507,111.539,8965.442,10
3051.75,2.398,96.87,111.374,8978.789,10
3051.875,2.392,96.728,111.338,8981.659,10
3052,2.383,98.885,111.819,8943.008,10
3052.125,2.376,101.093,112.65,8877.053,10
3052.25,2.374,103.094,112.725,8871.178,10
3052.375,2.374,103.094,112.725,8871.178,10
3052.5,2.376,104.736,112.478,8890.619,10
3052.625,2.369,106.321,112.18,8914.237,10
3052.75,2.376,108.342,111.952,8932.399,10
3052.875,2.381,110.46,111.828,8942.312,10
3053,2.313,101.655,112.897,8857.647,11
3053.125,2.313,101.655,112.897,8857.647,11
3053.25,2.321,103.821,113.371,8820.605,11
3053.375,2.331,106.174,113.503,8810.348,11
3053.5,2.335,108.453,113.802,8787.199,11
3053.625,2.323,110.374,114.228,8754.459,11
3053.75,2.323,110.374,114.228,8754.459,11
3053.875,2.314,109.695,114.417,8739.96,11
3054,2.311,107.476,114.42,8739.762,11
3054.125,2.319,106.114,114.14,8761.186,11
3054.25,2.328,105.508,114.051,8768.022,11
3054.375,2.331,105.002,112.963,8852.487,10
3054.5,2.333,106.404,112.457,8892.248,10
3054.625,2.33,107.874,113.062,8844.713,10
3054.75,2.331,106.875,113.422,8816.671,10
3054.875,2.331,106.875,113.422,8816.671,10
3055,2.339,104.445,113.461,8813.594,10
3055.125,2.355,101.757,113.277,8827.925,10
3055.25,2.36,99.125,112.982,8850.975,10
3055.375,2.354,97.74,112.745,8869.564,10
3055.5,2.354,97.74,112.745,8869.564,10
3055.625,2.321,97.49,112.425,8894.803,10
3055.75,2.282,97.49,112.442,8893.506,10
3055.875,2.245,97.513,112.579,8882.667,10
3056,2.234,97.816,112.631,8878.566,10
3056.125,2.25,98.489,112.561,8884.04,10
3056.25,2.25,98.489,112.561,8884.04,10
3056.375,2.303,99.216,112.381,8898.341,10
3056.5,2.358,99.929,111.927,8934.387,10
3056.625,2.415,101.399,110.556,9045.189,10
3056.75,2.415,102.124,109.872,9101.459,10
3056.875,2.396,102.879,109.424,9138.771,10
3057,2.377,103.943,109.318,9147.607,10
3057.125,2.367,105.961,109.226,9155.304,10
3057.25,2.371,107.317,109.104,9165.533,10
3057.375,2.371,107.317,109.104,9165.533,10
3057.5,2.386,105.351,109.189,9158.457,10
3057.625,2.393,103.15,109.154,9161.401,10
3057.75,2.402,102.882,108.692,9200.284,10
3057.875,2.389,105.005,108.838,9188.01,10
3058,2.364,107.22,109.174,9159.673,10
3058.125,2.349,108.951,109.042,9170.753,10
3058.25,2.349,108.951,109.042,9170.753,10
3058.375,2.357,108.812,109.724,9113.817,10
3058.5,2.371,103.741,111.777,8946.36,10
3058.625,2.371,103.741,111.777,8946.36,10
3058.75,2.384,104.481,111.718,8951.077,10
3058.875,2.387,105.204,110.812,9024.277,10
3059,2.388,105.916,110.246,9070.632,10
3059.125,2.062,60.933,104.606,9559.663,8
3059.25,2.078,54.552,102.426,9763.099,8
3059.375,2.097,48.903,101.097,9891.529,8
3059.5,2.097,48.903,101.097,9891.529,8
3059.625,2.106,46.667,100.693,9931.167,8
3059.75,2.102,44.536,100.26,9974.107,8
3059.875,2.1,42.567,99.967,9961.246094,8
3060,2.142,40.707,99.154,9925.49707,8
3060.125,2.142,40.707,99.154,9925.49707,8
3060.25,2.238,38.952,98.547,9956.264648,2
3060.375,2.322,37.197,97.364,9966.994141,2
3060.5,2.342,35.45,96.697,9976.905273,2
3060.625,2.263,34.418,98.081,9949.888672,2
3060.75,2.168,40.571,101.461,9856.014,2
3060.875,2.231,36.447,96.447,9957.095703,6
3061,2.244,35.389,95.347,9952.378906,6
3061.125,2.229,34.363,93.427,9952.378906,6
3061.25,2.226,33.73,93.118,9952.378906,6
3061.375,2.23,34.871,94.839,9952.378906,6
3061.5,2.147,30.126,107.739,9281.716,2
3061.625,2.164,36.404,103.927,9622.167,2
3061.75,2.211,46.022,100.59,9941.396,2
3061.875,2.211,46.022,100.59,9941.396,2
3062,2.276,56.116,100.103,9989.671,2
3062.125,2.347,67.618,102.409,9764.738,2
3062.25,2.401,80.098,104.824,9539.836,10
3062.375,2.421,92.803,110.647,9037.775,10
3062.5,2.421,92.803,110.647,9037.775,10
3062.625,2.416,103.816,112.93,8855.02,10
3062.75,2.412,106.767,111.067,9003.582,10
3062.875,2.411,106.673,110.414,9056.822,10
3063,2.409,106.526,110.515,9048.521,10
3063.125,2.405,107.977,110.441,9054.642,10
3063.25,2.405,107.977,110.441,9054.642,10
3063.375,2.397,109.629,110.182,9075.868,10
3063.5,2.391,111.569,109.459,9135.857,10
3063.625,2.417,108.329,105.185,9507.05,10
3063.75,2.428,108.021,105.389,9488.656,10
3063.875,2.437,107.729,105.582,9471.312,10
3064,2.437,107.729,105.582,9471.312,10
3064.125,2.424,107.433,105.557,9473.581,10
3064.25,2.411,107.211,104.656,9555.096,10
3064.375,2.402,107.389,103.439,9667.553,10
3064.5,2.405,107.59,101.54,9848.345,10
3064.625,2.402,107.247,102.596,9746.931,10
3064.75,2.402,107.247,102.596,9746.931,10
3064.875,2.173,39.094,104.521,9567.483,6
3065,2.179,38.192,104.622,9558.219,6
3065.125,2.179,36.221,102.783,9729.235,6
3065.25,2.179,36.221,102.783,9729.235,6
3065.375,2.186,36.29,104.198,9597.076,6
3065.5,2.194,34.898,104.339,9584.107,6
3065.625,2.185,36.878,104.644,9556.228,6
3065.75,2.166,39.612,103.854,9628.855,6
3065.875,2.166,39.612,103.854,9628.855,6
3066,2.381,92.184,105.479,9480.596,13
3066.125,2.146,40.03,104.242,9593.025,6
3066.25,2.376,90.015,101.152,9886.122,13
3066.375,2.145,39.592,104.151,9601.426,6
3066.5,2.373,88.308,99.309,9900.993164,13
3066.625,2.369,86.106,100.171,9982.949,13
3066.75,2.386,83.459,101.402,9861.7,13
3066.875,2.386,83.459,101.402,9861.7,13
3067,2.4,80.801,101.763,9826.735,13
3067.125,2.397,78.215,101.894,9814.082,13
3067.25,2.38,75.627,102.32,9773.223,13
3067.375,2.371,72.97,101.009,9900.059,13
3067.5,2.374,70.772,102.257,9779.263,13
3067.625,2.374,70.772,102.257,9779.263,13
3067.75,2.371,72.264,102.785,9729.056,13
3067.875,2.368,79.639,103.264,9683.954,13
3068,2.369,87.28,105.299,9496.748,13
3068.125,2.394,92.698,105.346,9492.556,13
3068.25,2.428,109.916,107.202,9328.219,10
3068.375,2.428,109.916,107.202,9328.219,10
3068.5,2.436,111.138,107.147,9332.973,10
3068.625,2.447,112.323,107.346,9315.688,10
3068.75,2.453,113.528,107.425,9308.829,10
3068.875,2.456,114.658,108.111,9249.761,10
3069,2.454,114.757,108.347,9229.579,10
3069.125,2.454,114.757,108.347,9229.579,10
3069.25,2.446,114.176,108.119,9249.025,10
3069.375,2.433,113.48,107.839,9273.117,10
3069.5,2.432,112.795,107.516,9300.924,10
3069.625,2.431,112.323,107.038,9342.512,10
3069.75,2.272,72.708,94.672,9877.805664,6
3069.875,2.226,52.421,95.399,9937.086914,6
3070,2.225,42.966,94.721,9963.273438,6
3070.125,2.225,42.966,94.721,9963.273438,6
3070.25,2.241,38.23,92.985,9956.264648,6
3070.375,2.253,38.299,92.2,9956.264648,6
3070.5,2.253,35.572,92.368,9952.378906,6
3070.625,2.251,37.142,92.971,9956.264648,6
3070.75,2.249,40.26,93.873,9963.024414,6
3070.875,2.249,40.26,93.873,9963.024414,6
3071,2.247,42.274,93.955,9963.273438,6
3071.125,2.241,42.367,94.721,9963.273438,6
3071.25,2.231,39.609,92.302,9963.831055,6
3071.375,2.221,37.825,95.242,9956.264648,6
3071.5,2.216,38.858,93.853,9956.264648,6
3071.625,2.216,38.858,93.853,9956.264648,6
3071.75,2.214,39.8,94.079,9963.831055,6
3071.875,2.218,40.397,93.869,9963.024414,6
3072,2.22,39.642,93.21,9963.831055,6
3072.125,2.224,37.844,94.486,9956.264648,6
3072.25,2.224,37.844,94.486,9956.264648,6
3072.375,2.22,39.187,93.421,9956.264648,6
3072.5,2.214,37.765,94.717,9956.264648,6
3072.625,2.21,38.993,95.919,9956.264648,6
3072.75,2.212,37.24,94.167,9956.264648,6
3072.875,2.214,39.278,97.726,9956.264648,6
3073,2.214,39.278,97.726,9956.264648,6
3073.125,2.213,40.288,97.021,9963.024414,6
3073.25,2.214,39.176,96.176,9956.264648,6
3073.375,2.221,39.289,92.639,9956.264648,6
3073.5,2.228,37.624,93.546,9956.264648,6
3073.625,2.228,37.624,93.546,9956.264648,6
3073.75,2.233,40.38,93.179,9963.024414,6
3073.875,2.253,44.215,91.652,9963.273438,6
3074,2.174,33.993,94.746,9941.40625,7
3074.125,2.192,33.011,94.751,9947.007813,7
3074.25,2.192,33.011,94.751,9947.007813,7
3074.375,2.215,30.967,94.491,9939.018555,7
3074.5,2.218,28.901,94.69,9939.018555,7
3074.625,2.199,28.954,95.052,9933.307617,7
3074.75,2.175,29.301,95.576,9930.493164,7
3074.875,2.182,31.726,97.333,9941.921875,7
3075,2.182,31.726,97.333,9941.921875,7
3075.125,2.183,32.429,96.242,9938.984375,7
3075.25,2.189,33.184,94.345,9947.007813,7
3075.375,2.199,33.927,93.115,9946.667969,7
3075.5,2.205,34.511,92.588,9952.378906,7
3075.625,2.205,34.511,92.588,9952.378906,7
3075.75,2.22,34.296,92.27,9952.378906,7
3075.875,2.23,31.46,91.919,9946.181641,7
3076,2.234,29.552,91.795,9939.018555,7
3076.125,2.227,29.804,92.738,9939.018555,7
3076.25,2.233,30.188,93.591,9939.018555,7
3076.375,2.243,30.459,94.393,9939.018555,7
3076.5,2.252,30.011,95.133,9939.018555,7
3076.625,2.248,28.628,95.91,9939.018555,7
3076.75,2.235,27.25,96.434,9939.018555,7
3076.875,2.235,33.448,93.899,9952.378906,7
3077,2.228,33.405,94.447,9952.378906,7
3077.125,2.228,33.405,94.447,9952.378906,7
3077.25,2.217,33.033,95.67,9952.378906,7
3077.375,2.198,32.646,95.561,9946.667969,7
3077.5,2.201,31.899,93.909,9948.410156,7
3077.625,2.216,31.667,92.7,9947.292969,7
3077.75,2.222,32.551,91.89,9946.005859,7
3077.875,2.218,33.602,91.434,9952.378906,7
3078,2.215,36.389,93.31,9957.095703,7
3078.125,2.03,48.886,110.261,9069.349,8
3078.25,2.053,49.731,108.929,9180.267,8
3078.375,2.053,49.248,110.137,9079.584,8
3078.5,2.046,49.248,110.137,9079.584,8
3078.625,2.034,48.716,113.238,8830.95,8
3078.75,2.02,48.983,117.273,8527.142,8
3078.875,2.027,52.438,119.148,8392.909,8
3079,2.075,64.606,119.405,8374.845,8
3079.125,2.425,97.908,117.333,8522.766,9
3079.25,2.424,97.908,117.333,8522.766,9
3079.375,2.422,98.096,118.092,8467.996,9
3079.5,2.419,100.299,118.525,8437.067,9
3079.625,2.419,101.998,119.084,8397.448,9
3079.75,2.416,103.889,119.633,8358.912,9
3079.875,2.407,104.781,120.128,8324.488,9
3080,2.395,104.781,120.128,8324.488,9
3080.125,2.375,104.214,120.522,8297.247,9
3080.25,2.374,103.005,120.63,8289.832,9
3080.375,2.38,101.392,120.483,8299.905,9
3080.5,2.387,101.755,119.999,8333.424,9
3080.625,2.396,101.755,119.999,8333.424,9
3080.75,2.399,102.058,119.13,8394.163,9
3080.875,2.401,100.846,118.044,8471.389,9
3081,2.405,99.199,116.773,8563.623,9
3081.125,2.408,98.763,115.98,8622.139,9
3081.25,2.41,98.672,114.783,8712.129,9
3081.375,2.411,98.672,114.783,8712.129,9
3081.5,2.412,98.006,113.313,8825.074,9
3081.625,2.409,95.657,112.759,8868.44,9
3081.75,2.407,95.272,113.309,8825.439,9
3081.875,2.409,97.397,113.48,8812.134,9
3082,2.408,97.397,113.48,8812.134,9
3082.125,2.398,100.423,113.368,8820.87,9
3082.25,2.393,101.968,113.45,8814.464,9
3082.375,2.391,100.174,113.847,8783.733,9
3082.5,2.403,99.916,114.229,8754.353,9
3082.625,2.43,100.26,114.467,8736.127,9
3082.75,2.435,100.26,114.467,8736.127,9
3082.875,2.436,99.954,114.672,8720.494,9
3083,2.429,99.919,114.963,8698.466,9
3083.125,2.265,54.542,96.88,9969.231445,8
3083.25,2.255,46.29,96.157,9959.080078,8
3083.375,2.268,45.641,95.138,9960.783203,8
3083.5,2.278,48.387,94.161,9978.342773,8
3083.625,2.272,48.987,93,9955.478516,8
3083.75,2.264,46.454,91.971,9959.080078,8
3083.875,2.264,46.454,91.971,9959.080078,8
3084,2.25,44.398,91.705,9963.273438,8
3084.125,2.24,41.493,91.4,9963.273438,8
3084.25,2.241,37.819,91.551,9956.264648,8
3084.375,2.248,36.237,91.247,9952.378906,8
3084.5,2.248,36.237,91.247,9952.378906,8
3084.625,2.255,35.44,91.095,9949.888672,8
3084.75,2.238,34.712,91.89,9952.378906,8
3084.875,2.214,34.827,91.915,9952.378906,8
3085,2.222,33.376,92.3,9952.378906,8
3085.125,2.288,34.698,94.703,9967.282227,8
3085.25,2.288,34.698,94.703,9967.282227,8
3085.375,2.38,45.175,94.894,9987.94043,8
3085.5,2.438,70.93,95.094,9979.075195,8
3085.625,2.231,44.431,91.841,9963.273438,8
3085.75,2.232,42.972,91.35,9963.273438,8
3085.875,2.227,43.426,90.104,9963.273438,8
3086,2.227,43.426,90.104,9963.273438,8
3086.125,2.23,43.222,91.233,9963.273438,8
3086.25,2.238,43.805,89.021,9963.273438,8
3086.375,2.25,45.595,88.043,9963.273438,8
3086.5,2.257,46.028,87.836,9959.080078,8
3086.625,2.257,46.028,87.836,9959.080078,8
3086.75,2.262,45.333,87.757,9960.783203,8
3086.875,2.264,43.962,87.769,9960.783203,8
3087,2.27,48.34,88.957,9955.478516,8
3087.125,2.279,55.162,88.925,9992.095703,8
3087.25,2.277,59.031,89.584,10011.12793,8
3087.375,2.277,59.031,89.584,10011.12793,8
3087.5,2.266,56.487,88.239,9969.231445,8
3087.625,2.261,51.526,90.405,9947.926758,8
3087.75,2.274,49.647,91.669,9968.351563,8
3087.875,2.281,49.766,91.878,9974.258789,8
3088,2.281,49.766,91.878,9974.258789,8
3088.125,2.279,48.553,90.499,9978.342773,8
3088.25,2.27,46.279,89.02,9959.080078,8
3088.375,2.273,45.22,88.945,9978.244141,8
3088.5,2.281,43.412,89.369,9984.151367,8
3088.625,2.293,42.289,88.837,9976.31543,8
3088.75,2.293,42.289,88.837,9976.31543,8
3088.875,2.303,42.458,87.854,9976.31543,8
3089,2.307,43.346,87.365,9976.31543,8
3089.125,2.305,44.644,87.266,9976.31543,8
3089.25,2.228,30.698,93.633,9939.018555,8
3089.375,2.227,26.896,89.411,9939.018555,8
3089.5,2.23,26.003,88.564,9939.018555,8
3089.625,2.242,25.492,87.651,9939.018555,8
3089.75,2.257,25.758,86.537,9936.52832,8
3089.875,2.257,25.758,86.537,9936.52832,8
3090,2.273,25.507,86.012,9957.067383,8
3090.125,2.276,25.904,86.216,9961.253906,8
3090.25,2.27,26.848,86.362,9936.52832,8
3090.375,2.258,28.168,87.759,9936.52832,8
